timestamp,worker_id,endpoint,response_time_ms,message_size_bytes,status
2026-07-20 22:10:52,worker1,/process,0.0,0,error
2026-07-21 04:56:40,worker1,/process,81.42,177,normal
2026-07-21 04:57:22,worker1,/process,98.44,175,normal
2026-07-21 05:46:29,worker1,/process,189.11,172,normal
2026-07-21 05:46:32,worker1,/process,96.17,170,normal
2026-07-21 05:46:35,worker1,/process,120.79,172,normal
2026-07-21 05:46:38,worker1,/process,62.05,174,normal
2026-07-21 05:46:40,worker1,/process,197.58,175,normal
2026-07-21 05:46:43,worker1,/process,81.04,171,normal
2026-07-21 05:46:47,worker1,/process,158.16,170,normal
2026-07-21 05:46:49,worker1,/process,63.2,175,normal
2026-07-21 05:46:53,worker1,/process,132.79,177,normal
2026-07-21 05:46:56,worker1,/process,125.06,171,normal
2026-07-21 05:46:59,worker1,/process,101.16,172,normal
2026-07-21 05:47:02,worker1,/process,128.53,173,normal
2026-07-21 05:47:06,worker1,/process,259.38,173,normal
2026-07-21 05:47:09,worker1,/process,109.4,173,normal
2026-07-21 05:47:12,worker1,/process,174.93,174,normal
2026-07-21 05:47:15,worker1,/process,63.08,172,normal
2026-07-21 05:47:19,worker1,/process,203.34,178,normal
2026-07-21 05:47:22,worker1,/process,78.55,172,normal
2026-07-21 05:47:25,worker1,/process,153.99,173,normal
2026-07-21 05:47:28,worker1,/process,127.18,173,normal
2026-07-21 05:47:31,worker1,/process,152.07,173,normal
2026-07-21 05:47:34,worker1,/process,122.63,174,normal
2026-07-21 05:47:37,worker1,/process,197.12,177,normal
2026-07-21 05:47:40,worker1,/process,138.56,173,normal
2026-07-21 05:47:44,worker1,/process,341.17,176,normal
2026-07-21 05:47:47,worker1,/process,65.66,172,normal
2026-07-21 05:47:50,worker1,/process,109.27,173,normal
2026-07-21 05:47:52,worker1,/process,180.01,175,normal
2026-07-21 05:47:56,worker1,/process,80.88,177,normal
2026-07-21 05:47:59,worker1,/process,138.3,176,normal
2026-07-21 05:48:03,worker1,/process,153.17,174,normal
2026-07-21 05:48:06,worker1,/process,92.93,172,normal
2026-07-21 05:48:09,worker1,/process,145.24,173,normal
2026-07-21 05:48:12,worker1,/process,123.97,173,normal
2026-07-21 05:48:15,worker1,/process,69.66,177,normal
2026-07-21 05:48:18,worker1,/process,87.78,177,normal
2026-07-21 05:48:21,worker1,/process,92.22,177,normal
2026-07-21 05:48:25,worker1,/process,68.77,172,normal
2026-07-21 05:48:28,worker1,/process,138.07,172,normal
2026-07-21 05:48:31,worker1,/process,204.48,171,normal
2026-07-21 05:48:34,worker1,/process,114.83,173,normal
2026-07-21 05:48:37,worker1,/process,96.91,172,normal
2026-07-21 05:48:41,worker1,/process,145.45,174,normal
2026-07-21 05:48:44,worker1,/process,112.92,176,normal
2026-07-21 05:48:47,worker1,/process,121.9,173,normal
2026-07-21 05:48:50,worker1,/process,124.7,178,normal
2026-07-21 05:48:53,worker1,/process,181.36,173,normal
2026-07-21 05:48:56,worker1,/process,158.31,177,normal
2026-07-21 05:48:59,worker1,/process,161.12,172,normal
2026-07-21 05:49:03,worker1,/process,97.82,172,normal
2026-07-21 05:49:06,worker1,/process,63.94,172,normal
2026-07-21 05:49:09,worker1,/process,129.13,176,normal
2026-07-21 05:49:12,worker1,/process,61.82,173,normal
2026-07-21 05:49:16,worker1,/process,149.24,174,normal
2026-07-21 05:49:19,worker1,/process,121.88,178,normal
2026-07-21 05:49:22,worker1,/process,199.89,173,normal
2026-07-21 05:49:25,worker1,/process,72.09,175,normal
2026-07-21 05:49:28,worker1,/process,164.55,173,normal
2026-07-21 05:49:31,worker1,/process,99.72,172,normal
2026-07-21 05:49:34,worker1,/process,122.87,173,normal
2026-07-21 05:49:37,worker1,/process,196.59,173,normal
2026-07-21 05:49:40,worker1,/process,76.42,172,normal
2026-07-21 05:49:44,worker1,/process,201.18,173,normal
2026-07-21 05:49:47,worker1,/process,205.64,176,normal
2026-07-21 05:49:50,worker1,/process,184.26,173,normal
2026-07-21 05:49:54,worker1,/process,64.17,172,normal
2026-07-21 05:49:56,worker1,/process,106.44,172,normal
2026-07-21 05:50:00,worker1,/process,193.94,173,normal
2026-07-21 05:50:03,worker1,/process,128.36,176,normal
2026-07-21 05:50:06,worker1,/process,189.29,176,normal
2026-07-21 05:50:09,worker1,/process,140.34,173,normal
2026-07-21 05:50:12,worker1,/process,181.7,178,normal
2026-07-21 05:50:15,worker1,/process,150.15,171,normal
2026-07-21 05:50:18,worker1,/process,172.3,173,normal
2026-07-21 05:50:21,worker1,/process,72.33,172,normal
2026-07-21 05:50:24,worker1,/process,184.47,173,normal
2026-07-21 05:50:27,worker1,/process,140.54,173,normal
2026-07-21 05:50:31,worker1,/process,89.78,177,normal
2026-07-21 05:50:34,worker1,/process,136.6,176,normal
2026-07-21 05:50:37,worker1,/process,171.77,173,normal
2026-07-21 05:50:41,worker1,/process,131.91,173,normal
2026-07-21 05:50:44,worker1,/process,120.15,173,normal
2026-07-21 05:50:47,worker1,/process,102.28,172,normal
2026-07-21 05:50:50,worker1,/process,63.55,171,normal
2026-07-21 05:50:53,worker1,/process,176.87,173,normal
2026-07-21 05:50:56,worker1,/process,206.93,173,normal
2026-07-21 05:50:59,worker1,/process,154.88,176,normal
2026-07-21 05:51:03,worker1,/process,69.57,173,normal
2026-07-21 05:51:06,worker1,/process,83.1,172,normal
2026-07-21 05:51:09,worker1,/process,199.65,173,normal
2026-07-21 05:51:12,worker1,/process,72.63,172,normal
2026-07-21 05:51:15,worker1,/process,147.71,173,normal
2026-07-21 05:51:18,worker1,/process,62.18,175,normal
2026-07-21 05:51:21,worker1,/process,170.59,173,normal
2026-07-21 05:51:25,worker1,/process,63.72,172,normal
2026-07-21 05:51:28,worker1,/process,169.91,178,normal
2026-07-21 05:51:31,worker1,/process,182.04,176,normal
2026-07-21 05:51:35,worker1,/process,161.87,174,normal
2026-07-21 05:51:38,worker1,/process,197.86,172,normal
2026-07-21 05:51:41,worker1,/process,96.7,172,normal
2026-07-21 06:15:20,worker1,/process,1506.42,187,normal
2026-07-21 06:15:21,worker1,/process,64.12,5613,normal
2026-07-21 06:15:22,worker1,/process,0.0,0,error
2026-07-21 06:15:23,worker1,/process,1699.82,170,normal
2026-07-21 06:15:24,worker1,/process,0.0,0,error
2026-07-21 06:15:25,worker1,/process,1544.18,207,normal
2026-07-21 06:15:26,worker1,/process,106.39,4969,normal
2026-07-21 06:15:27,worker1,/process,1897.79,156,normal
2026-07-21 06:15:28,worker1,/process,0.0,0,error
2026-07-21 06:15:29,worker1,/process,0.0,0,error
2026-07-21 06:15:30,worker1,/process,116.52,3013,normal
2026-07-21 06:15:31,worker1,/process,1681.05,191,normal
2026-07-21 06:15:32,worker1,/process,0.0,0,error
2026-07-21 06:15:33,worker1,/process,1721.31,5898,error
2026-07-21 06:15:34,worker1,/process,0.0,0,error
2026-07-21 06:15:35,worker1,/process,996.38,182,normal
2026-07-21 06:15:36,worker1,/process,0.0,0,error
2026-07-21 06:15:37,worker1,/process,1571.02,6815,error
2026-07-21 06:15:38,worker1,/process,0.0,0,error
2026-07-21 06:15:39,worker1,/process,0.0,0,error
2026-07-21 20:17:14,worker1,/process,124.56,172,normal
2026-07-21 20:35:54,worker1,/process,186.0,172,normal
